{
    "Malaysia": {
        "n_estimators": 13,
        "max_depth": 8,
        "MAPE": 2.8256399033993915,
        "RMSE": 1797.8880447737188,
        "MAE": 1276.7213541666667,
        "R2": 0.9837753772735596,
        "Time(s)": 3.589048147201538
    },
    "ISO-NE": {
        "n_estimators": 9,
        "max_depth": 8,
        "MAPE": 1.3242315279013765,
        "RMSE": 240.60678932288704,
        "MAE": 179.14327852843238,
        "R2": 0.9860531091690063,
        "Time(s)": 3.8377180099487305
    },
    "Belgium": {
        "n_estimators": 19,
        "max_depth": 7,
        "MAPE": 1.437603993062424,
        "RMSE": 181.55359267247874,
        "MAE": 135.32007059162504,
        "R2": 0.9817360419373051,
        "Time(s)": 4.739557981491089
    }
}